id,biller,description,amount,purchaseDate,dueDate,paid,paidDate,frequency
1749931522118.8582,"Baby sitting","For mom of Gladys (Lifetime)",1000,"2025-06-15","2025-06-15",true,"2025-06-14T20:06:48.694Z","lifetime"
1749931522118.6091,"Baby sitting","For mom of Gladys (Lifetime)",1000,"2025-06-15","2025-07-15",false,"","lifetime"
1749931522118.5,"Baby sitting","For mom of Gladys (Lifetime)",1000,"2025-06-15","2025-08-15",false,"","lifetime"
1749931522118.486,"Baby sitting","For mom of Gladys (Lifetime)",1000,"2025-06-15","2025-09-15",false,"","lifetime"
1749931522118.4534,"Baby sitting","For mom of Gladys (Lifetime)",1000,"2025-06-15","2025-10-15",false,"","lifetime"
1749931522118.5603,"Baby sitting","For mom of Gladys (Lifetime)",1000,"2025-06-15","2025-11-15",false,"","lifetime"
1749931522118.8384,"Baby sitting","For mom of Gladys (Lifetime)",1000,"2025-06-15","2025-12-15",false,"","lifetime"
1749931522118.3032,"Baby sitting","For mom of Gladys (Lifetime)",1000,"2025-06-15","2026-01-15",false,"","lifetime"
1749931522118.7192,"Baby sitting","For mom of Gladys (Lifetime)",1000,"2025-06-15","2026-02-15",false,"","lifetime"
1749931522118.763,"Baby sitting","For mom of Gladys (Lifetime)",1000,"2025-06-15","2026-03-15",false,"","lifetime"
1749931522118.188,"Baby sitting","For mom of Gladys (Lifetime)",1000,"2025-06-15","2026-04-15",false,"","lifetime"
1749931522118.874,"Baby sitting","For mom of Gladys (Lifetime)",1000,"2025-06-15","2026-05-15",false,"","lifetime"
1749931522118.7366,"Baby sitting","For mom of Gladys (Lifetime)",1000,"2025-06-15","2026-06-15",false,"","lifetime"
1749931522118.2832,"Baby sitting","For mom of Gladys (Lifetime)",1000,"2025-06-15","2026-07-15",false,"","lifetime"
1749931522118.4155,"Baby sitting","For mom of Gladys (Lifetime)",1000,"2025-06-15","2026-08-15",false,"","lifetime"
1749931522118.6626,"Baby sitting","For mom of Gladys (Lifetime)",1000,"2025-06-15","2026-09-15",false,"","lifetime"
1749931522118.448,"Baby sitting","For mom of Gladys (Lifetime)",1000,"2025-06-15","2026-10-15",false,"","lifetime"
1749931522118.3992,"Baby sitting","For mom of Gladys (Lifetime)",1000,"2025-06-15","2026-11-15",false,"","lifetime"
1749931522118.0532,"Baby sitting","For mom of Gladys (Lifetime)",1000,"2025-06-15","2026-12-15",false,"","lifetime"
1749931522118.7573,"Baby sitting","For mom of Gladys (Lifetime)",1000,"2025-06-15","2027-01-15",false,"","lifetime"
1749931522118.0022,"Baby sitting","For mom of Gladys (Lifetime)",1000,"2025-06-15","2027-02-15",false,"","lifetime"
1749931522118.616,"Baby sitting","For mom of Gladys (Lifetime)",1000,"2025-06-15","2027-03-15",false,"","lifetime"
1749931522118.8738,"Baby sitting","For mom of Gladys (Lifetime)",1000,"2025-06-15","2027-04-15",false,"","lifetime"
1749931522118.908,"Baby sitting","For mom of Gladys (Lifetime)",1000,"2025-06-15","2027-05-15",false,"","lifetime"
1749931522118.0842,"Baby sitting","For mom of Gladys (Lifetime)",1000,"2025-06-15","2027-06-15",false,"","lifetime"
1749931522118.6738,"Baby sitting","For mom of Gladys (Lifetime)",1000,"2025-06-15","2027-07-15",false,"","lifetime"
1749931522118.723,"Baby sitting","For mom of Gladys (Lifetime)",1000,"2025-06-15","2027-08-15",false,"","lifetime"
1749931522118.9639,"Baby sitting","For mom of Gladys (Lifetime)",1000,"2025-06-15","2027-09-15",false,"","lifetime"
1749931522118.0022,"Baby sitting","For mom of Gladys (Lifetime)",1000,"2025-06-15","2027-10-15",false,"","lifetime"
1749931522118.9114,"Baby sitting","For mom of Gladys (Lifetime)",1000,"2025-06-15","2027-11-15",false,"","lifetime"
1749931522118.5159,"Baby sitting","For mom of Gladys (Lifetime)",1000,"2025-06-15","2027-12-15",false,"","lifetime"
1749931522118.5408,"Baby sitting","For mom of Gladys (Lifetime)",1000,"2025-06-15","2028-01-15",false,"","lifetime"
1749931522118.8162,"Baby sitting","For mom of Gladys (Lifetime)",1000,"2025-06-15","2028-02-15",false,"","lifetime"
1749931522118.237,"Baby sitting","For mom of Gladys (Lifetime)",1000,"2025-06-15","2028-03-15",false,"","lifetime"
1749931522118.0369,"Baby sitting","For mom of Gladys (Lifetime)",1000,"2025-06-15","2028-04-15",false,"","lifetime"
1749931522118.9604,"Baby sitting","For mom of Gladys (Lifetime)",1000,"2025-06-15","2028-05-15",false,"","lifetime"
1749931522119.0696,"Baby sitting","For mom of Gladys (Lifetime)",1000,"2025-06-15","2028-06-15",false,"","lifetime"
1749931522119.8723,"Baby sitting","For mom of Gladys (Lifetime)",1000,"2025-06-15","2028-07-15",false,"","lifetime"
1749931522119.4763,"Baby sitting","For mom of Gladys (Lifetime)",1000,"2025-06-15","2028-08-15",false,"","lifetime"
1749931522119.5535,"Baby sitting","For mom of Gladys (Lifetime)",1000,"2025-06-15","2028-09-15",false,"","lifetime"
1749931522119.502,"Baby sitting","For mom of Gladys (Lifetime)",1000,"2025-06-15","2028-10-15",false,"","lifetime"
1749931522119.004,"Baby sitting","For mom of Gladys (Lifetime)",1000,"2025-06-15","2028-11-15",false,"","lifetime"
1749931522119.4556,"Baby sitting","For mom of Gladys (Lifetime)",1000,"2025-06-15","2028-12-15",false,"","lifetime"
1749931522119.0166,"Baby sitting","For mom of Gladys (Lifetime)",1000,"2025-06-15","2029-01-15",false,"","lifetime"
1749931522119.0447,"Baby sitting","For mom of Gladys (Lifetime)",1000,"2025-06-15","2029-02-15",false,"","lifetime"
1749931522119.7002,"Baby sitting","For mom of Gladys (Lifetime)",1000,"2025-06-15","2029-03-15",false,"","lifetime"
1749931522119.675,"Baby sitting","For mom of Gladys (Lifetime)",1000,"2025-06-15","2029-04-15",false,"","lifetime"
1749931522119.009,"Baby sitting","For mom of Gladys (Lifetime)",1000,"2025-06-15","2029-05-15",false,"","lifetime"
1749931522119.9348,"Baby sitting","For mom of Gladys (Lifetime)",1000,"2025-06-15","2029-06-15",false,"","lifetime"
1749931522119.6255,"Baby sitting","For mom of Gladys (Lifetime)",1000,"2025-06-15","2029-07-15",false,"","lifetime"
1749931522119.9822,"Baby sitting","For mom of Gladys (Lifetime)",1000,"2025-06-15","2029-08-15",false,"","lifetime"
1749931522119.9873,"Baby sitting","For mom of Gladys (Lifetime)",1000,"2025-06-15","2029-09-15",false,"","lifetime"
1749931522119.4006,"Baby sitting","For mom of Gladys (Lifetime)",1000,"2025-06-15","2029-10-15",false,"","lifetime"
1749931522119.5708,"Baby sitting","For mom of Gladys (Lifetime)",1000,"2025-06-15","2029-11-15",false,"","lifetime"
1749931522119.4,"Baby sitting","For mom of Gladys (Lifetime)",1000,"2025-06-15","2029-12-15",false,"","lifetime"
1749931522119.0457,"Baby sitting","For mom of Gladys (Lifetime)",1000,"2025-06-15","2030-01-15",false,"","lifetime"
1749931522119.4731,"Baby sitting","For mom of Gladys (Lifetime)",1000,"2025-06-15","2030-02-15",false,"","lifetime"
1749931522119.1147,"Baby sitting","For mom of Gladys (Lifetime)",1000,"2025-06-15","2030-03-15",false,"","lifetime"
1749931522119.3489,"Baby sitting","For mom of Gladys (Lifetime)",1000,"2025-06-15","2030-04-15",false,"","lifetime"
1749931522119.0193,"Baby sitting","For mom of Gladys (Lifetime)",1000,"2025-06-15","2030-05-15",false,"","lifetime"
1749931605662.129,"Netflix","Payment for Maricar",150,"2025-06-15","2025-06-13",true,"2025-06-14T20:06:45.662Z","one-time"
1749931654350.0627,"Motorcycle","Payment for Father Rod (Lifetime)",750,"2025-06-30","2025-06-30",true,"2025-06-14T20:07:38.718Z","lifetime"
1749931654350.3486,"Motorcycle","Payment for Father Rod (Lifetime)",750,"2025-06-30","2025-07-30",false,"","lifetime"
1749931654350.1177,"Motorcycle","Payment for Father Rod (Lifetime)",750,"2025-06-30","2025-08-30",false,"","lifetime"
1749931654350.675,"Motorcycle","Payment for Father Rod (Lifetime)",750,"2025-06-30","2025-09-30",false,"","lifetime"
1749931654350.117,"Motorcycle","Payment for Father Rod (Lifetime)",750,"2025-06-30","2025-10-30",false,"","lifetime"
1749931654350.861,"Motorcycle","Payment for Father Rod (Lifetime)",750,"2025-06-30","2025-11-30",false,"","lifetime"
1749931654350.0474,"Motorcycle","Payment for Father Rod (Lifetime)",750,"2025-06-30","2025-12-30",false,"","lifetime"
1749931654350.6416,"Motorcycle","Payment for Father Rod (Lifetime)",750,"2025-06-30","2026-01-30",false,"","lifetime"
1749931654350.7773,"Motorcycle","Payment for Father Rod (Lifetime)",750,"2025-06-30","2026-03-02",false,"","lifetime"
1749931654350.5356,"Motorcycle","Payment for Father Rod (Lifetime)",750,"2025-06-30","2026-04-02",false,"","lifetime"
1749931654350.0027,"Motorcycle","Payment for Father Rod (Lifetime)",750,"2025-06-30","2026-05-02",false,"","lifetime"
1749931654350.059,"Motorcycle","Payment for Father Rod (Lifetime)",750,"2025-06-30","2026-06-02",false,"","lifetime"
1749931654350.7615,"Motorcycle","Payment for Father Rod (Lifetime)",750,"2025-06-30","2026-07-02",false,"","lifetime"
1749931654350.2717,"Motorcycle","Payment for Father Rod (Lifetime)",750,"2025-06-30","2026-08-02",false,"","lifetime"
1749931654350.1196,"Motorcycle","Payment for Father Rod (Lifetime)",750,"2025-06-30","2026-09-02",false,"","lifetime"
1749931654350.1497,"Motorcycle","Payment for Father Rod (Lifetime)",750,"2025-06-30","2026-10-02",false,"","lifetime"
1749931654350.7693,"Motorcycle","Payment for Father Rod (Lifetime)",750,"2025-06-30","2026-11-02",false,"","lifetime"
1749931654350.8838,"Motorcycle","Payment for Father Rod (Lifetime)",750,"2025-06-30","2026-12-02",false,"","lifetime"
1749931654350.3704,"Motorcycle","Payment for Father Rod (Lifetime)",750,"2025-06-30","2027-01-02",false,"","lifetime"
1749931654350.0068,"Motorcycle","Payment for Father Rod (Lifetime)",750,"2025-06-30","2027-02-02",false,"","lifetime"
1749931654350.5842,"Motorcycle","Payment for Father Rod (Lifetime)",750,"2025-06-30","2027-03-02",false,"","lifetime"
1749931654350.4297,"Motorcycle","Payment for Father Rod (Lifetime)",750,"2025-06-30","2027-04-02",false,"","lifetime"
1749931654350.6387,"Motorcycle","Payment for Father Rod (Lifetime)",750,"2025-06-30","2027-05-02",false,"","lifetime"
1749931654350.625,"Motorcycle","Payment for Father Rod (Lifetime)",750,"2025-06-30","2027-06-02",false,"","lifetime"
1749931654350.568,"Motorcycle","Payment for Father Rod (Lifetime)",750,"2025-06-30","2027-07-02",false,"","lifetime"
1749931654350.5867,"Motorcycle","Payment for Father Rod (Lifetime)",750,"2025-06-30","2027-08-02",false,"","lifetime"
1749931654350.1619,"Motorcycle","Payment for Father Rod (Lifetime)",750,"2025-06-30","2027-09-02",false,"","lifetime"
1749931654350.5466,"Motorcycle","Payment for Father Rod (Lifetime)",750,"2025-06-30","2027-10-02",false,"","lifetime"
1749931654350.1677,"Motorcycle","Payment for Father Rod (Lifetime)",750,"2025-06-30","2027-11-02",false,"","lifetime"
1749931654350.9854,"Motorcycle","Payment for Father Rod (Lifetime)",750,"2025-06-30","2027-12-02",false,"","lifetime"
1749931654350.7314,"Motorcycle","Payment for Father Rod (Lifetime)",750,"2025-06-30","2028-01-02",false,"","lifetime"
1749931654350.5605,"Motorcycle","Payment for Father Rod (Lifetime)",750,"2025-06-30","2028-02-02",false,"","lifetime"
1749931654350.9426,"Motorcycle","Payment for Father Rod (Lifetime)",750,"2025-06-30","2028-03-02",false,"","lifetime"
1749931654350.9128,"Motorcycle","Payment for Father Rod (Lifetime)",750,"2025-06-30","2028-04-02",false,"","lifetime"
1749931654350.4233,"Motorcycle","Payment for Father Rod (Lifetime)",750,"2025-06-30","2028-05-02",false,"","lifetime"
1749931654350.5881,"Motorcycle","Payment for Father Rod (Lifetime)",750,"2025-06-30","2028-06-02",false,"","lifetime"
1749931654350.3914,"Motorcycle","Payment for Father Rod (Lifetime)",750,"2025-06-30","2028-07-02",false,"","lifetime"
1749931654350.452,"Motorcycle","Payment for Father Rod (Lifetime)",750,"2025-06-30","2028-08-02",false,"","lifetime"
1749931654350.1306,"Motorcycle","Payment for Father Rod (Lifetime)",750,"2025-06-30","2028-09-02",false,"","lifetime"
1749931654350.2507,"Motorcycle","Payment for Father Rod (Lifetime)",750,"2025-06-30","2028-10-02",false,"","lifetime"
1749931654350.401,"Motorcycle","Payment for Father Rod (Lifetime)",750,"2025-06-30","2028-11-02",false,"","lifetime"
1749931654350.7224,"Motorcycle","Payment for Father Rod (Lifetime)",750,"2025-06-30","2028-12-02",false,"","lifetime"
1749931654350.5757,"Motorcycle","Payment for Father Rod (Lifetime)",750,"2025-06-30","2029-01-02",false,"","lifetime"
1749931654350.1108,"Motorcycle","Payment for Father Rod (Lifetime)",750,"2025-06-30","2029-02-02",false,"","lifetime"
1749931654350.7527,"Motorcycle","Payment for Father Rod (Lifetime)",750,"2025-06-30","2029-03-02",false,"","lifetime"
1749931654350.2888,"Motorcycle","Payment for Father Rod (Lifetime)",750,"2025-06-30","2029-04-02",false,"","lifetime"
1749931654350.1987,"Motorcycle","Payment for Father Rod (Lifetime)",750,"2025-06-30","2029-05-02",false,"","lifetime"
1749931654350.3303,"Motorcycle","Payment for Father Rod (Lifetime)",750,"2025-06-30","2029-06-02",false,"","lifetime"
1749931654350.9888,"Motorcycle","Payment for Father Rod (Lifetime)",750,"2025-06-30","2029-07-02",false,"","lifetime"
1749931654350.115,"Motorcycle","Payment for Father Rod (Lifetime)",750,"2025-06-30","2029-08-02",false,"","lifetime"
1749931654350.6897,"Motorcycle","Payment for Father Rod (Lifetime)",750,"2025-06-30","2029-09-02",false,"","lifetime"
1749931654350.9414,"Motorcycle","Payment for Father Rod (Lifetime)",750,"2025-06-30","2029-10-02",false,"","lifetime"
1749931654350.346,"Motorcycle","Payment for Father Rod (Lifetime)",750,"2025-06-30","2029-11-02",false,"","lifetime"
1749931654350.3425,"Motorcycle","Payment for Father Rod (Lifetime)",750,"2025-06-30","2029-12-02",false,"","lifetime"
1749931654350.9072,"Motorcycle","Payment for Father Rod (Lifetime)",750,"2025-06-30","2030-01-02",false,"","lifetime"
1749931654350.3274,"Motorcycle","Payment for Father Rod (Lifetime)",750,"2025-06-30","2030-02-02",false,"","lifetime"
1749931654350.5774,"Motorcycle","Payment for Father Rod (Lifetime)",750,"2025-06-30","2030-03-02",false,"","lifetime"
1749931654350.0505,"Motorcycle","Payment for Father Rod (Lifetime)",750,"2025-06-30","2030-04-02",false,"","lifetime"
1749931654350.2534,"Motorcycle","Payment for Father Rod (Lifetime)",750,"2025-06-30","2030-05-02",false,"","lifetime"
1749931654350.3403,"Motorcycle","Payment for Father Rod (Lifetime)",750,"2025-06-30","2030-06-02",false,"","lifetime"
1749931743526.41,"SLoan","N/A (1/4)",545.41,"2025-07-02","2025-07-02",false,"","recurring"
1749931743526.1624,"SLoan","N/A (2/4)",545.41,"2025-07-02","2025-08-02",false,"","recurring"
1749931743526.0347,"SLoan","N/A (3/4)",545.41,"2025-07-02","2025-09-02",false,"","recurring"
1749931743526.1436,"SLoan","N/A (4/4)",545.41,"2025-07-02","2025-10-02",false,"","recurring"
1749931786214.171,"PLDT","Miñoza's Home (Lifetime)",1599,"2025-07-02","2025-07-02",false,"","lifetime"
1749931786214.3833,"PLDT","Miñoza's Home (Lifetime)",1599,"2025-07-02","2025-08-02",false,"","lifetime"
1749931786214.035,"PLDT","Miñoza's Home (Lifetime)",1599,"2025-07-02","2025-09-02",false,"","lifetime"
1749931786214.3726,"PLDT","Miñoza's Home (Lifetime)",1599,"2025-07-02","2025-10-02",false,"","lifetime"
1749931786214.8699,"PLDT","Miñoza's Home (Lifetime)",1599,"2025-07-02","2025-11-02",false,"","lifetime"
1749931786214.0632,"PLDT","Miñoza's Home (Lifetime)",1599,"2025-07-02","2025-12-02",false,"","lifetime"
1749931786214.363,"PLDT","Miñoza's Home (Lifetime)",1599,"2025-07-02","2026-01-02",false,"","lifetime"
1749931786214.1523,"PLDT","Miñoza's Home (Lifetime)",1599,"2025-07-02","2026-02-02",false,"","lifetime"
1749931786214.3984,"PLDT","Miñoza's Home (Lifetime)",1599,"2025-07-02","2026-03-02",false,"","lifetime"
1749931786214.8914,"PLDT","Miñoza's Home (Lifetime)",1599,"2025-07-02","2026-04-02",false,"","lifetime"
1749931786214.875,"PLDT","Miñoza's Home (Lifetime)",1599,"2025-07-02","2026-05-02",false,"","lifetime"
1749931786214.7954,"PLDT","Miñoza's Home (Lifetime)",1599,"2025-07-02","2026-06-02",false,"","lifetime"
1749931786214.454,"PLDT","Miñoza's Home (Lifetime)",1599,"2025-07-02","2026-07-02",false,"","lifetime"
1749931786214.016,"PLDT","Miñoza's Home (Lifetime)",1599,"2025-07-02","2026-08-02",false,"","lifetime"
1749931786214.9941,"PLDT","Miñoza's Home (Lifetime)",1599,"2025-07-02","2026-09-02",false,"","lifetime"
1749931786214.1829,"PLDT","Miñoza's Home (Lifetime)",1599,"2025-07-02","2026-10-02",false,"","lifetime"
1749931786214.591,"PLDT","Miñoza's Home (Lifetime)",1599,"2025-07-02","2026-11-02",false,"","lifetime"
1749931786214.2437,"PLDT","Miñoza's Home (Lifetime)",1599,"2025-07-02","2026-12-02",false,"","lifetime"
1749931786214.1072,"PLDT","Miñoza's Home (Lifetime)",1599,"2025-07-02","2027-01-02",false,"","lifetime"
1749931786214.2913,"PLDT","Miñoza's Home (Lifetime)",1599,"2025-07-02","2027-02-02",false,"","lifetime"
1749931786214.35,"PLDT","Miñoza's Home (Lifetime)",1599,"2025-07-02","2027-03-02",false,"","lifetime"
1749931786214.651,"PLDT","Miñoza's Home (Lifetime)",1599,"2025-07-02","2027-04-02",false,"","lifetime"
1749931786214.973,"PLDT","Miñoza's Home (Lifetime)",1599,"2025-07-02","2027-05-02",false,"","lifetime"
1749931786214.3804,"PLDT","Miñoza's Home (Lifetime)",1599,"2025-07-02","2027-06-02",false,"","lifetime"
1749931786214.967,"PLDT","Miñoza's Home (Lifetime)",1599,"2025-07-02","2027-07-02",false,"","lifetime"
1749931786214.1309,"PLDT","Miñoza's Home (Lifetime)",1599,"2025-07-02","2027-08-02",false,"","lifetime"
1749931786214.1711,"PLDT","Miñoza's Home (Lifetime)",1599,"2025-07-02","2027-09-02",false,"","lifetime"
1749931786214.3057,"PLDT","Miñoza's Home (Lifetime)",1599,"2025-07-02","2027-10-02",false,"","lifetime"
1749931786214.5493,"PLDT","Miñoza's Home (Lifetime)",1599,"2025-07-02","2027-11-02",false,"","lifetime"
1749931786214.282,"PLDT","Miñoza's Home (Lifetime)",1599,"2025-07-02","2027-12-02",false,"","lifetime"
1749931786214.2327,"PLDT","Miñoza's Home (Lifetime)",1599,"2025-07-02","2028-01-02",false,"","lifetime"
1749931786214.8474,"PLDT","Miñoza's Home (Lifetime)",1599,"2025-07-02","2028-02-02",false,"","lifetime"
1749931786214.5369,"PLDT","Miñoza's Home (Lifetime)",1599,"2025-07-02","2028-03-02",false,"","lifetime"
1749931786214.8547,"PLDT","Miñoza's Home (Lifetime)",1599,"2025-07-02","2028-04-02",false,"","lifetime"
1749931786214.2256,"PLDT","Miñoza's Home (Lifetime)",1599,"2025-07-02","2028-05-02",false,"","lifetime"
1749931786214.9514,"PLDT","Miñoza's Home (Lifetime)",1599,"2025-07-02","2028-06-02",false,"","lifetime"
1749931786214.5706,"PLDT","Miñoza's Home (Lifetime)",1599,"2025-07-02","2028-07-02",false,"","lifetime"
1749931786214.9292,"PLDT","Miñoza's Home (Lifetime)",1599,"2025-07-02","2028-08-02",false,"","lifetime"
1749931786214.0095,"PLDT","Miñoza's Home (Lifetime)",1599,"2025-07-02","2028-09-02",false,"","lifetime"
1749931786214.88,"PLDT","Miñoza's Home (Lifetime)",1599,"2025-07-02","2028-10-02",false,"","lifetime"
1749931786214.1733,"PLDT","Miñoza's Home (Lifetime)",1599,"2025-07-02","2028-11-02",false,"","lifetime"
1749931786214.02,"PLDT","Miñoza's Home (Lifetime)",1599,"2025-07-02","2028-12-02",false,"","lifetime"
1749931786214.5745,"PLDT","Miñoza's Home (Lifetime)",1599,"2025-07-02","2029-01-02",false,"","lifetime"
1749931786214.816,"PLDT","Miñoza's Home (Lifetime)",1599,"2025-07-02","2029-02-02",false,"","lifetime"
1749931786214.6816,"PLDT","Miñoza's Home (Lifetime)",1599,"2025-07-02","2029-03-02",false,"","lifetime"
1749931786214.2566,"PLDT","Miñoza's Home (Lifetime)",1599,"2025-07-02","2029-04-02",false,"","lifetime"
1749931786214.403,"PLDT","Miñoza's Home (Lifetime)",1599,"2025-07-02","2029-05-02",false,"","lifetime"
1749931786214.6235,"PLDT","Miñoza's Home (Lifetime)",1599,"2025-07-02","2029-06-02",false,"","lifetime"
1749931786214.5625,"PLDT","Miñoza's Home (Lifetime)",1599,"2025-07-02","2029-07-02",false,"","lifetime"
1749931786214.6853,"PLDT","Miñoza's Home (Lifetime)",1599,"2025-07-02","2029-08-02",false,"","lifetime"
1749931786214.7024,"PLDT","Miñoza's Home (Lifetime)",1599,"2025-07-02","2029-09-02",false,"","lifetime"
1749931786214.8452,"PLDT","Miñoza's Home (Lifetime)",1599,"2025-07-02","2029-10-02",false,"","lifetime"
1749931786214.0762,"PLDT","Miñoza's Home (Lifetime)",1599,"2025-07-02","2029-11-02",false,"","lifetime"
1749931786214.6865,"PLDT","Miñoza's Home (Lifetime)",1599,"2025-07-02","2029-12-02",false,"","lifetime"
1749931786214.5837,"PLDT","Miñoza's Home (Lifetime)",1599,"2025-07-02","2030-01-02",false,"","lifetime"
1749931786214.9243,"PLDT","Miñoza's Home (Lifetime)",1599,"2025-07-02","2030-02-02",false,"","lifetime"
1749931786214.8916,"PLDT","Miñoza's Home (Lifetime)",1599,"2025-07-02","2030-03-02",false,"","lifetime"
1749931786214.1067,"PLDT","Miñoza's Home (Lifetime)",1599,"2025-07-02","2030-04-02",false,"","lifetime"
1749931786214.919,"PLDT","Miñoza's Home (Lifetime)",1599,"2025-07-02","2030-05-02",false,"","lifetime"
1749931786214.8604,"PLDT","Miñoza's Home (Lifetime)",1599,"2025-07-02","2030-06-02",false,"","lifetime"
1749932103880.5354,"PLDT","Tariao and Daitol's Home (Lifetime)",1399,"2025-07-02","0005-07-01",false,null,"lifetime"
1749932103880.731,"PLDT","Tariao and Daitol's Home (Lifetime)",1399,"2025-07-02","0005-08-01",false,null,"lifetime"
1749932103880.506,"PLDT","Tariao and Daitol's Home (Lifetime)",1399,"2025-07-02","0005-09-01",false,null,"lifetime"
1749932103880.4812,"PLDT","Tariao and Daitol's Home (Lifetime)",1399,"2025-07-02","0005-10-01",false,null,"lifetime"
1749932103880.2842,"PLDT","Tariao and Daitol's Home (Lifetime)",1399,"2025-07-02","0005-11-01",false,null,"lifetime"
1749932103880.207,"PLDT","Tariao and Daitol's Home (Lifetime)",1399,"2025-07-02","0005-12-01",false,null,"lifetime"
1749932103880.3555,"PLDT","Tariao and Daitol's Home (Lifetime)",1399,"2025-07-02","0006-01-01",false,null,"lifetime"
1749932103880.3464,"PLDT","Tariao and Daitol's Home (Lifetime)",1399,"2025-07-02","0006-02-01",false,null,"lifetime"
1749932103880.2961,"PLDT","Tariao and Daitol's Home (Lifetime)",1399,"2025-07-02","0006-03-01",false,null,"lifetime"
1749932103880.8132,"PLDT","Tariao and Daitol's Home (Lifetime)",1399,"2025-07-02","0006-04-01",false,null,"lifetime"
1749932103880.3354,"PLDT","Tariao and Daitol's Home (Lifetime)",1399,"2025-07-02","0006-05-01",false,null,"lifetime"
1749932103880.436,"PLDT","Tariao and Daitol's Home (Lifetime)",1399,"2025-07-02","0006-06-01",false,null,"lifetime"
1749932103880.6853,"PLDT","Tariao and Daitol's Home (Lifetime)",1399,"2025-07-02","0006-07-01",false,null,"lifetime"
1749932103880.647,"PLDT","Tariao and Daitol's Home (Lifetime)",1399,"2025-07-02","0006-08-01",false,null,"lifetime"
1749932103880.8127,"PLDT","Tariao and Daitol's Home (Lifetime)",1399,"2025-07-02","0006-09-01",false,null,"lifetime"
1749932103880.6064,"PLDT","Tariao and Daitol's Home (Lifetime)",1399,"2025-07-02","0006-10-01",false,null,"lifetime"
1749932103880.0764,"PLDT","Tariao and Daitol's Home (Lifetime)",1399,"2025-07-02","0006-11-01",false,null,"lifetime"
1749932103880.6277,"PLDT","Tariao and Daitol's Home (Lifetime)",1399,"2025-07-02","0006-12-01",false,null,"lifetime"
1749932103880.0952,"PLDT","Tariao and Daitol's Home (Lifetime)",1399,"2025-07-02","0007-01-01",false,null,"lifetime"
1749932103880.7886,"PLDT","Tariao and Daitol's Home (Lifetime)",1399,"2025-07-02","0007-02-01",false,null,"lifetime"
1749932103880.415,"PLDT","Tariao and Daitol's Home (Lifetime)",1399,"2025-07-02","0007-03-01",false,null,"lifetime"
1749932103880.845,"PLDT","Tariao and Daitol's Home (Lifetime)",1399,"2025-07-02","0007-04-01",false,null,"lifetime"
1749932103880.5825,"PLDT","Tariao and Daitol's Home (Lifetime)",1399,"2025-07-02","0007-05-01",false,null,"lifetime"
1749932103880.6106,"PLDT","Tariao and Daitol's Home (Lifetime)",1399,"2025-07-02","0007-06-01",false,null,"lifetime"
1749932103880.4248,"PLDT","Tariao and Daitol's Home (Lifetime)",1399,"2025-07-02","0007-07-01",false,null,"lifetime"
1749932103880.001,"PLDT","Tariao and Daitol's Home (Lifetime)",1399,"2025-07-02","0007-08-01",false,null,"lifetime"
1749932103880.6677,"PLDT","Tariao and Daitol's Home (Lifetime)",1399,"2025-07-02","0007-09-01",false,null,"lifetime"
1749932103880.1345,"PLDT","Tariao and Daitol's Home (Lifetime)",1399,"2025-07-02","0007-10-01",false,null,"lifetime"
1749932103880.2102,"PLDT","Tariao and Daitol's Home (Lifetime)",1399,"2025-07-02","0007-11-01",false,null,"lifetime"
1749932103880.197,"PLDT","Tariao and Daitol's Home (Lifetime)",1399,"2025-07-02","0007-12-01",false,null,"lifetime"
1749932103880.1846,"PLDT","Tariao and Daitol's Home (Lifetime)",1399,"2025-07-02","0008-01-01",false,null,"lifetime"
1749932103880.9395,"PLDT","Tariao and Daitol's Home (Lifetime)",1399,"2025-07-02","0008-02-01",false,null,"lifetime"
1749932103880.8674,"PLDT","Tariao and Daitol's Home (Lifetime)",1399,"2025-07-02","0008-03-01",false,null,"lifetime"
1749932103880.7158,"PLDT","Tariao and Daitol's Home (Lifetime)",1399,"2025-07-02","0008-04-01",false,null,"lifetime"
1749932103880.207,"PLDT","Tariao and Daitol's Home (Lifetime)",1399,"2025-07-02","0008-05-01",false,null,"lifetime"
1749932103880.9187,"PLDT","Tariao and Daitol's Home (Lifetime)",1399,"2025-07-02","0008-06-01",false,null,"lifetime"
1749932103880.1992,"PLDT","Tariao and Daitol's Home (Lifetime)",1399,"2025-07-02","0008-07-01",false,null,"lifetime"
1749932103880.975,"PLDT","Tariao and Daitol's Home (Lifetime)",1399,"2025-07-02","0008-08-01",false,null,"lifetime"
1749932103880.0623,"PLDT","Tariao and Daitol's Home (Lifetime)",1399,"2025-07-02","0008-09-01",false,null,"lifetime"
1749932103880.2925,"PLDT","Tariao and Daitol's Home (Lifetime)",1399,"2025-07-02","0008-10-01",false,null,"lifetime"
1749932103880.7888,"PLDT","Tariao and Daitol's Home (Lifetime)",1399,"2025-07-02","0008-11-01",false,null,"lifetime"
1749932103880.7656,"PLDT","Tariao and Daitol's Home (Lifetime)",1399,"2025-07-02","0008-12-01",false,null,"lifetime"
1749932103880.6025,"PLDT","Tariao and Daitol's Home (Lifetime)",1399,"2025-07-02","0009-01-01",false,null,"lifetime"
1749932103880.5083,"PLDT","Tariao and Daitol's Home (Lifetime)",1399,"2025-07-02","0009-02-01",false,null,"lifetime"
1749932103880.4563,"PLDT","Tariao and Daitol's Home (Lifetime)",1399,"2025-07-02","0009-03-01",false,null,"lifetime"
1749932103880.037,"PLDT","Tariao and Daitol's Home (Lifetime)",1399,"2025-07-02","0009-04-01",false,null,"lifetime"
1749932103880.0422,"PLDT","Tariao and Daitol's Home (Lifetime)",1399,"2025-07-02","0009-05-01",false,null,"lifetime"
1749932103880.0625,"PLDT","Tariao and Daitol's Home (Lifetime)",1399,"2025-07-02","0009-06-01",false,null,"lifetime"
1749932103880.4038,"PLDT","Tariao and Daitol's Home (Lifetime)",1399,"2025-07-02","0009-07-01",false,null,"lifetime"
1749932103880.4573,"PLDT","Tariao and Daitol's Home (Lifetime)",1399,"2025-07-02","0009-08-01",false,null,"lifetime"
1749932103880.177,"PLDT","Tariao and Daitol's Home (Lifetime)",1399,"2025-07-02","0009-09-01",false,null,"lifetime"
1749932103880.6714,"PLDT","Tariao and Daitol's Home (Lifetime)",1399,"2025-07-02","0009-10-01",false,null,"lifetime"
1749932103880.1765,"PLDT","Tariao and Daitol's Home (Lifetime)",1399,"2025-07-02","0009-11-01",false,null,"lifetime"
1749932103880.7288,"PLDT","Tariao and Daitol's Home (Lifetime)",1399,"2025-07-02","0009-12-01",false,null,"lifetime"
1749932103880.6033,"PLDT","Tariao and Daitol's Home (Lifetime)",1399,"2025-07-02","0010-01-01",false,null,"lifetime"
1749932103880.3938,"PLDT","Tariao and Daitol's Home (Lifetime)",1399,"2025-07-02","0010-02-01",false,null,"lifetime"
1749932103880.7715,"PLDT","Tariao and Daitol's Home (Lifetime)",1399,"2025-07-02","0010-03-01",false,null,"lifetime"
1749932103880.035,"PLDT","Tariao and Daitol's Home (Lifetime)",1399,"2025-07-02","0010-04-01",false,null,"lifetime"
1749932103880.905,"PLDT","Tariao and Daitol's Home (Lifetime)",1399,"2025-07-02","0010-05-01",false,null,"lifetime"
1749932103880.1187,"PLDT","Tariao and Daitol's Home (Lifetime)",1399,"2025-07-02","0010-06-01",false,null,"lifetime"
1749932158327.229,"PLDT","Daitol's Home (Lifetime)",1388,"2025-07-02","2025-07-02",false,null,"lifetime"
1749932158327.0928,"PLDT","Daitol's Home (Lifetime)",1388,"2025-07-02","2025-08-02",false,null,"lifetime"
1749932158327.1104,"PLDT","Daitol's Home (Lifetime)",1388,"2025-07-02","2025-09-02",false,null,"lifetime"
1749932158327.8997,"PLDT","Daitol's Home (Lifetime)",1388,"2025-07-02","2025-10-02",false,null,"lifetime"
1749932158327.0466,"PLDT","Daitol's Home (Lifetime)",1388,"2025-07-02","2025-11-02",false,null,"lifetime"
1749932158327.5452,"PLDT","Daitol's Home (Lifetime)",1388,"2025-07-02","2025-12-02",false,null,"lifetime"
1749932158327.129,"PLDT","Daitol's Home (Lifetime)",1388,"2025-07-02","2026-01-02",false,null,"lifetime"
1749932158327.039,"PLDT","Daitol's Home (Lifetime)",1388,"2025-07-02","2026-02-02",false,null,"lifetime"
1749932158327.5293,"PLDT","Daitol's Home (Lifetime)",1388,"2025-07-02","2026-03-02",false,null,"lifetime"
1749932158327.8225,"PLDT","Daitol's Home (Lifetime)",1388,"2025-07-02","2026-04-02",false,null,"lifetime"
1749932158327.3982,"PLDT","Daitol's Home (Lifetime)",1388,"2025-07-02","2026-05-02",false,null,"lifetime"
1749932158327.5469,"PLDT","Daitol's Home (Lifetime)",1388,"2025-07-02","2026-06-02",false,null,"lifetime"
1749932158327.1714,"PLDT","Daitol's Home (Lifetime)",1388,"2025-07-02","2026-07-02",false,null,"lifetime"
1749932158327.2542,"PLDT","Daitol's Home (Lifetime)",1388,"2025-07-02","2026-08-02",false,null,"lifetime"
1749932158327.5806,"PLDT","Daitol's Home (Lifetime)",1388,"2025-07-02","2026-09-02",false,null,"lifetime"
1749932158327.558,"PLDT","Daitol's Home (Lifetime)",1388,"2025-07-02","2026-10-02",false,null,"lifetime"
1749932158327.102,"PLDT","Daitol's Home (Lifetime)",1388,"2025-07-02","2026-11-02",false,null,"lifetime"
1749932158327.1755,"PLDT","Daitol's Home (Lifetime)",1388,"2025-07-02","2026-12-02",false,null,"lifetime"
1749932158327.7986,"PLDT","Daitol's Home (Lifetime)",1388,"2025-07-02","2027-01-02",false,null,"lifetime"
1749932158327.677,"PLDT","Daitol's Home (Lifetime)",1388,"2025-07-02","2027-02-02",false,null,"lifetime"
1749932158327.795,"PLDT","Daitol's Home (Lifetime)",1388,"2025-07-02","2027-03-02",false,null,"lifetime"
1749932158327.7168,"PLDT","Daitol's Home (Lifetime)",1388,"2025-07-02","2027-04-02",false,null,"lifetime"
1749932158327.495,"PLDT","Daitol's Home (Lifetime)",1388,"2025-07-02","2027-05-02",false,null,"lifetime"
1749932158327.6047,"PLDT","Daitol's Home (Lifetime)",1388,"2025-07-02","2027-06-02",false,null,"lifetime"
1749932158327.454,"PLDT","Daitol's Home (Lifetime)",1388,"2025-07-02","2027-07-02",false,null,"lifetime"
1749932158327.6272,"PLDT","Daitol's Home (Lifetime)",1388,"2025-07-02","2027-08-02",false,null,"lifetime"
1749932158327.4626,"PLDT","Daitol's Home (Lifetime)",1388,"2025-07-02","2027-09-02",false,null,"lifetime"
1749932158327.827,"PLDT","Daitol's Home (Lifetime)",1388,"2025-07-02","2027-10-02",false,null,"lifetime"
1749932158327.7332,"PLDT","Daitol's Home (Lifetime)",1388,"2025-07-02","2027-11-02",false,null,"lifetime"
1749932158327.9297,"PLDT","Daitol's Home (Lifetime)",1388,"2025-07-02","2027-12-02",false,null,"lifetime"
1749932158327.0505,"PLDT","Daitol's Home (Lifetime)",1388,"2025-07-02","2028-01-02",false,null,"lifetime"
1749932158327.8657,"PLDT","Daitol's Home (Lifetime)",1388,"2025-07-02","2028-02-02",false,null,"lifetime"
1749932158327.3584,"PLDT","Daitol's Home (Lifetime)",1388,"2025-07-02","2028-03-02",false,null,"lifetime"
1749932158327.1367,"PLDT","Daitol's Home (Lifetime)",1388,"2025-07-02","2028-04-02",false,null,"lifetime"
1749932158327.1377,"PLDT","Daitol's Home (Lifetime)",1388,"2025-07-02","2028-05-02",false,null,"lifetime"
1749932158327.604,"PLDT","Daitol's Home (Lifetime)",1388,"2025-07-02","2028-06-02",false,null,"lifetime"
1749932158328.3564,"PLDT","Daitol's Home (Lifetime)",1388,"2025-07-02","2028-07-02",false,null,"lifetime"
1749932158328.0095,"PLDT","Daitol's Home (Lifetime)",1388,"2025-07-02","2028-08-02",false,null,"lifetime"
1749932158328.9475,"PLDT","Daitol's Home (Lifetime)",1388,"2025-07-02","2028-09-02",false,null,"lifetime"
1749932158328.969,"PLDT","Daitol's Home (Lifetime)",1388,"2025-07-02","2028-10-02",false,null,"lifetime"
1749932158328.8162,"PLDT","Daitol's Home (Lifetime)",1388,"2025-07-02","2028-11-02",false,null,"lifetime"
1749932158328.5315,"PLDT","Daitol's Home (Lifetime)",1388,"2025-07-02","2028-12-02",false,null,"lifetime"
1749932158328.2576,"PLDT","Daitol's Home (Lifetime)",1388,"2025-07-02","2029-01-02",false,null,"lifetime"
1749932158328.428,"PLDT","Daitol's Home (Lifetime)",1388,"2025-07-02","2029-02-02",false,null,"lifetime"
1749932158328.0383,"PLDT","Daitol's Home (Lifetime)",1388,"2025-07-02","2029-03-02",false,null,"lifetime"
1749932158328.6934,"PLDT","Daitol's Home (Lifetime)",1388,"2025-07-02","2029-04-02",false,null,"lifetime"
1749932158328.5977,"PLDT","Daitol's Home (Lifetime)",1388,"2025-07-02","2029-05-02",false,null,"lifetime"
1749932158328.3042,"PLDT","Daitol's Home (Lifetime)",1388,"2025-07-02","2029-06-02",false,null,"lifetime"
1749932158328.0845,"PLDT","Daitol's Home (Lifetime)",1388,"2025-07-02","2029-07-02",false,null,"lifetime"
1749932158328.1685,"PLDT","Daitol's Home (Lifetime)",1388,"2025-07-02","2029-08-02",false,null,"lifetime"
1749932158328.931,"PLDT","Daitol's Home (Lifetime)",1388,"2025-07-02","2029-09-02",false,null,"lifetime"
1749932158328.162,"PLDT","Daitol's Home (Lifetime)",1388,"2025-07-02","2029-10-02",false,null,"lifetime"
1749932158328.1653,"PLDT","Daitol's Home (Lifetime)",1388,"2025-07-02","2029-11-02",false,null,"lifetime"
1749932158328.3933,"PLDT","Daitol's Home (Lifetime)",1388,"2025-07-02","2029-12-02",false,null,"lifetime"
1749932158328.0518,"PLDT","Daitol's Home (Lifetime)",1388,"2025-07-02","2030-01-02",false,null,"lifetime"
1749932158328.6821,"PLDT","Daitol's Home (Lifetime)",1388,"2025-07-02","2030-02-02",false,null,"lifetime"
1749932158328.6255,"PLDT","Daitol's Home (Lifetime)",1388,"2025-07-02","2030-03-02",false,null,"lifetime"
1749932158328.21,"PLDT","Daitol's Home (Lifetime)",1388,"2025-07-02","2030-04-02",false,null,"lifetime"
1749932158328.5244,"PLDT","Daitol's Home (Lifetime)",1388,"2025-07-02","2030-05-02",false,null,"lifetime"
1749932158328.8677,"PLDT","Daitol's Home (Lifetime)",1388,"2025-07-02","2030-06-02",false,null,"lifetime"
1749932259351.6672,"Seabank","LOAN (1/5)",392.334,"2025-07-04","2025-07-04",false,null,"recurring"
1749932259351.809,"Seabank","LOAN (2/5)",392.334,"2025-07-04","2025-08-04",false,null,"recurring"
1749932259351.4817,"Seabank","LOAN (3/5)",392.334,"2025-07-04","2025-09-04",false,null,"recurring"
1749932259351.8423,"Seabank","LOAN (4/5)",392.334,"2025-07-04","2025-10-04",false,null,"recurring"
1749932259351.099,"Seabank","LOAN (5/5)",392.334,"2025-07-04","2025-11-04",false,null,"recurring"
1749932360223.817,"VECO","Miñoza's Home (Lifetime)",1000,"2025-07-16","2025-07-16",false,null,"lifetime"
1749932360223.977,"VECO","Miñoza's Home (Lifetime)",1000,"2025-07-16","2025-08-16",false,null,"lifetime"
1749932360223.419,"VECO","Miñoza's Home (Lifetime)",1000,"2025-07-16","2025-09-16",false,null,"lifetime"
1749932360223.1064,"VECO","Miñoza's Home (Lifetime)",1000,"2025-07-16","2025-10-16",false,null,"lifetime"
1749932360223.999,"VECO","Miñoza's Home (Lifetime)",1000,"2025-07-16","2025-11-16",false,null,"lifetime"
1749932360223.3762,"VECO","Miñoza's Home (Lifetime)",1000,"2025-07-16","2025-12-16",false,null,"lifetime"
1749932360223.6758,"VECO","Miñoza's Home (Lifetime)",1000,"2025-07-16","2026-01-16",false,null,"lifetime"
1749932360223.8474,"VECO","Miñoza's Home (Lifetime)",1000,"2025-07-16","2026-02-16",false,null,"lifetime"
1749932360223.6133,"VECO","Miñoza's Home (Lifetime)",1000,"2025-07-16","2026-03-16",false,null,"lifetime"
1749932360223.0576,"VECO","Miñoza's Home (Lifetime)",1000,"2025-07-16","2026-04-16",false,null,"lifetime"
1749932360223.8198,"VECO","Miñoza's Home (Lifetime)",1000,"2025-07-16","2026-05-16",false,null,"lifetime"
1749932360223.3335,"VECO","Miñoza's Home (Lifetime)",1000,"2025-07-16","2026-06-16",false,null,"lifetime"
1749932360223.4583,"VECO","Miñoza's Home (Lifetime)",1000,"2025-07-16","2026-07-16",false,null,"lifetime"
1749932360223.417,"VECO","Miñoza's Home (Lifetime)",1000,"2025-07-16","2026-08-16",false,null,"lifetime"
1749932360223.991,"VECO","Miñoza's Home (Lifetime)",1000,"2025-07-16","2026-09-16",false,null,"lifetime"
1749932360223.1064,"VECO","Miñoza's Home (Lifetime)",1000,"2025-07-16","2026-10-16",false,null,"lifetime"
1749932360223.0515,"VECO","Miñoza's Home (Lifetime)",1000,"2025-07-16","2026-11-16",false,null,"lifetime"
1749932360223.7883,"VECO","Miñoza's Home (Lifetime)",1000,"2025-07-16","2026-12-16",false,null,"lifetime"
1749932360223.0173,"VECO","Miñoza's Home (Lifetime)",1000,"2025-07-16","2027-01-16",false,null,"lifetime"
1749932360223.6687,"VECO","Miñoza's Home (Lifetime)",1000,"2025-07-16","2027-02-16",false,null,"lifetime"
1749932360223.8875,"VECO","Miñoza's Home (Lifetime)",1000,"2025-07-16","2027-03-16",false,null,"lifetime"
1749932360223.3105,"VECO","Miñoza's Home (Lifetime)",1000,"2025-07-16","2027-04-16",false,null,"lifetime"
1749932360223.7153,"VECO","Miñoza's Home (Lifetime)",1000,"2025-07-16","2027-05-16",false,null,"lifetime"
1749932360223.9668,"VECO","Miñoza's Home (Lifetime)",1000,"2025-07-16","2027-06-16",false,null,"lifetime"
1749932360223.2344,"VECO","Miñoza's Home (Lifetime)",1000,"2025-07-16","2027-07-16",false,null,"lifetime"
1749932360223.8936,"VECO","Miñoza's Home (Lifetime)",1000,"2025-07-16","2027-08-16",false,null,"lifetime"
1749932360223.53,"VECO","Miñoza's Home (Lifetime)",1000,"2025-07-16","2027-09-16",false,null,"lifetime"
1749932360223.6753,"VECO","Miñoza's Home (Lifetime)",1000,"2025-07-16","2027-10-16",false,null,"lifetime"
1749932360223.8386,"VECO","Miñoza's Home (Lifetime)",1000,"2025-07-16","2027-11-16",false,null,"lifetime"
1749932360223.8188,"VECO","Miñoza's Home (Lifetime)",1000,"2025-07-16","2027-12-16",false,null,"lifetime"
1749932360223.4944,"VECO","Miñoza's Home (Lifetime)",1000,"2025-07-16","2028-01-16",false,null,"lifetime"
1749932360223.5588,"VECO","Miñoza's Home (Lifetime)",1000,"2025-07-16","2028-02-16",false,null,"lifetime"
1749932360223.3525,"VECO","Miñoza's Home (Lifetime)",1000,"2025-07-16","2028-03-16",false,null,"lifetime"
1749932360223.0095,"VECO","Miñoza's Home (Lifetime)",1000,"2025-07-16","2028-04-16",false,null,"lifetime"
1749932360223.441,"VECO","Miñoza's Home (Lifetime)",1000,"2025-07-16","2028-05-16",false,null,"lifetime"
1749932360223.8743,"VECO","Miñoza's Home (Lifetime)",1000,"2025-07-16","2028-06-16",false,null,"lifetime"
1749932360223.2427,"VECO","Miñoza's Home (Lifetime)",1000,"2025-07-16","2028-07-16",false,null,"lifetime"
1749932360223.5466,"VECO","Miñoza's Home (Lifetime)",1000,"2025-07-16","2028-08-16",false,null,"lifetime"
1749932360223.2498,"VECO","Miñoza's Home (Lifetime)",1000,"2025-07-16","2028-09-16",false,null,"lifetime"
1749932360223.5444,"VECO","Miñoza's Home (Lifetime)",1000,"2025-07-16","2028-10-16",false,null,"lifetime"
1749932360223.5857,"VECO","Miñoza's Home (Lifetime)",1000,"2025-07-16","2028-11-16",false,null,"lifetime"
1749932360223.5825,"VECO","Miñoza's Home (Lifetime)",1000,"2025-07-16","2028-12-16",false,null,"lifetime"
1749932360223.2695,"VECO","Miñoza's Home (Lifetime)",1000,"2025-07-16","2029-01-16",false,null,"lifetime"
1749932360223.8728,"VECO","Miñoza's Home (Lifetime)",1000,"2025-07-16","2029-02-16",false,null,"lifetime"
1749932360223.7373,"VECO","Miñoza's Home (Lifetime)",1000,"2025-07-16","2029-03-16",false,null,"lifetime"
1749932360223.9692,"VECO","Miñoza's Home (Lifetime)",1000,"2025-07-16","2029-04-16",false,null,"lifetime"
1749932360223.8013,"VECO","Miñoza's Home (Lifetime)",1000,"2025-07-16","2029-05-16",false,null,"lifetime"
1749932360223.4287,"VECO","Miñoza's Home (Lifetime)",1000,"2025-07-16","2029-06-16",false,null,"lifetime"
1749932360223.4128,"VECO","Miñoza's Home (Lifetime)",1000,"2025-07-16","2029-07-16",false,null,"lifetime"
1749932360223.6824,"VECO","Miñoza's Home (Lifetime)",1000,"2025-07-16","2029-08-16",false,null,"lifetime"
1749932360223.3518,"VECO","Miñoza's Home (Lifetime)",1000,"2025-07-16","2029-09-16",false,null,"lifetime"
1749932360223.4734,"VECO","Miñoza's Home (Lifetime)",1000,"2025-07-16","2029-10-16",false,null,"lifetime"
1749932360223.4546,"VECO","Miñoza's Home (Lifetime)",1000,"2025-07-16","2029-11-16",false,null,"lifetime"
1749932360223.4514,"VECO","Miñoza's Home (Lifetime)",1000,"2025-07-16","2029-12-16",false,null,"lifetime"
1749932360223.7998,"VECO","Miñoza's Home (Lifetime)",1000,"2025-07-16","2030-01-16",false,null,"lifetime"
1749932360223.6858,"VECO","Miñoza's Home (Lifetime)",1000,"2025-07-16","2030-02-16",false,null,"lifetime"
1749932360223.6238,"VECO","Miñoza's Home (Lifetime)",1000,"2025-07-16","2030-03-16",false,null,"lifetime"
1749932360223.8708,"VECO","Miñoza's Home (Lifetime)",1000,"2025-07-16","2030-04-16",false,null,"lifetime"
1749932360223.7075,"VECO","Miñoza's Home (Lifetime)",1000,"2025-07-16","2030-05-16",false,null,"lifetime"
1749932360223.4932,"VECO","Miñoza's Home (Lifetime)",1000,"2025-07-16","2030-06-16",false,null,"lifetime"
1749932405855.879,"GCash Loan","1 More payment and I'm done with it.",735,"2025-07-04","2025-07-04",false,null,"one-time"
1749932448552.5437,"Spaylater","N/A",9000,"2025-07-03","2025-07-03",false,null,"one-time"
1749932501615.5823,"Mama Rechel","Monthly for our electricity (Lifetime)",2000,"2025-07-15","2025-07-15",false,null,"lifetime"
1749932501615.1,"Mama Rechel","Monthly for our electricity (Lifetime)",2000,"2025-07-15","2025-08-15",false,null,"lifetime"
1749932501615.949,"Mama Rechel","Monthly for our electricity (Lifetime)",2000,"2025-07-15","2025-09-15",false,null,"lifetime"
1749932501615.842,"Mama Rechel","Monthly for our electricity (Lifetime)",2000,"2025-07-15","2025-10-15",false,null,"lifetime"
1749932501615.386,"Mama Rechel","Monthly for our electricity (Lifetime)",2000,"2025-07-15","2025-11-15",false,null,"lifetime"
1749932501615.0476,"Mama Rechel","Monthly for our electricity (Lifetime)",2000,"2025-07-15","2025-12-15",false,null,"lifetime"
1749932501615.438,"Mama Rechel","Monthly for our electricity (Lifetime)",2000,"2025-07-15","2026-01-15",false,null,"lifetime"
1749932501615.0684,"Mama Rechel","Monthly for our electricity (Lifetime)",2000,"2025-07-15","2026-02-15",false,null,"lifetime"
1749932501615.66,"Mama Rechel","Monthly for our electricity (Lifetime)",2000,"2025-07-15","2026-03-15",false,null,"lifetime"
1749932501615.35,"Mama Rechel","Monthly for our electricity (Lifetime)",2000,"2025-07-15","2026-04-15",false,null,"lifetime"
1749932501615.2188,"Mama Rechel","Monthly for our electricity (Lifetime)",2000,"2025-07-15","2026-05-15",false,null,"lifetime"
1749932501615.0085,"Mama Rechel","Monthly for our electricity (Lifetime)",2000,"2025-07-15","2026-06-15",false,null,"lifetime"
1749932501615.7935,"Mama Rechel","Monthly for our electricity (Lifetime)",2000,"2025-07-15","2026-07-15",false,null,"lifetime"
1749932501615.3992,"Mama Rechel","Monthly for our electricity (Lifetime)",2000,"2025-07-15","2026-08-15",false,null,"lifetime"
1749932501615.7815,"Mama Rechel","Monthly for our electricity (Lifetime)",2000,"2025-07-15","2026-09-15",false,null,"lifetime"
1749932501615.8503,"Mama Rechel","Monthly for our electricity (Lifetime)",2000,"2025-07-15","2026-10-15",false,null,"lifetime"
1749932501615.2107,"Mama Rechel","Monthly for our electricity (Lifetime)",2000,"2025-07-15","2026-11-15",false,null,"lifetime"
1749932501615.6206,"Mama Rechel","Monthly for our electricity (Lifetime)",2000,"2025-07-15","2026-12-15",false,null,"lifetime"
1749932501615.682,"Mama Rechel","Monthly for our electricity (Lifetime)",2000,"2025-07-15","2027-01-15",false,null,"lifetime"
1749932501615.4207,"Mama Rechel","Monthly for our electricity (Lifetime)",2000,"2025-07-15","2027-02-15",false,null,"lifetime"
1749932501615.639,"Mama Rechel","Monthly for our electricity (Lifetime)",2000,"2025-07-15","2027-03-15",false,null,"lifetime"
1749932501615.2317,"Mama Rechel","Monthly for our electricity (Lifetime)",2000,"2025-07-15","2027-04-15",false,null,"lifetime"
1749932501615.1047,"Mama Rechel","Monthly for our electricity (Lifetime)",2000,"2025-07-15","2027-05-15",false,null,"lifetime"
1749932501615.3372,"Mama Rechel","Monthly for our electricity (Lifetime)",2000,"2025-07-15","2027-06-15",false,null,"lifetime"
1749932501615.59,"Mama Rechel","Monthly for our electricity (Lifetime)",2000,"2025-07-15","2027-07-15",false,null,"lifetime"
1749932501615.6394,"Mama Rechel","Monthly for our electricity (Lifetime)",2000,"2025-07-15","2027-08-15",false,null,"lifetime"
1749932501615.5015,"Mama Rechel","Monthly for our electricity (Lifetime)",2000,"2025-07-15","2027-09-15",false,null,"lifetime"
1749932501615.5002,"Mama Rechel","Monthly for our electricity (Lifetime)",2000,"2025-07-15","2027-10-15",false,null,"lifetime"
1749932501615.986,"Mama Rechel","Monthly for our electricity (Lifetime)",2000,"2025-07-15","2027-11-15",false,null,"lifetime"
1749932501615.9265,"Mama Rechel","Monthly for our electricity (Lifetime)",2000,"2025-07-15","2027-12-15",false,null,"lifetime"
1749932501615.0059,"Mama Rechel","Monthly for our electricity (Lifetime)",2000,"2025-07-15","2028-01-15",false,null,"lifetime"
1749932501615.049,"Mama Rechel","Monthly for our electricity (Lifetime)",2000,"2025-07-15","2028-02-15",false,null,"lifetime"
1749932501615.886,"Mama Rechel","Monthly for our electricity (Lifetime)",2000,"2025-07-15","2028-03-15",false,null,"lifetime"
1749932501615.7205,"Mama Rechel","Monthly for our electricity (Lifetime)",2000,"2025-07-15","2028-04-15",false,null,"lifetime"
1749932501615.3413,"Mama Rechel","Monthly for our electricity (Lifetime)",2000,"2025-07-15","2028-05-15",false,null,"lifetime"
1749932501615.2136,"Mama Rechel","Monthly for our electricity (Lifetime)",2000,"2025-07-15","2028-06-15",false,null,"lifetime"
1749932501615.38,"Mama Rechel","Monthly for our electricity (Lifetime)",2000,"2025-07-15","2028-07-15",false,null,"lifetime"
1749932501615.1775,"Mama Rechel","Monthly for our electricity (Lifetime)",2000,"2025-07-15","2028-08-15",false,null,"lifetime"
1749932501615.7878,"Mama Rechel","Monthly for our electricity (Lifetime)",2000,"2025-07-15","2028-09-15",false,null,"lifetime"
1749932501615.3667,"Mama Rechel","Monthly for our electricity (Lifetime)",2000,"2025-07-15","2028-10-15",false,null,"lifetime"
1749932501615.212,"Mama Rechel","Monthly for our electricity (Lifetime)",2000,"2025-07-15","2028-11-15",false,null,"lifetime"
1749932501615.6748,"Mama Rechel","Monthly for our electricity (Lifetime)",2000,"2025-07-15","2028-12-15",false,null,"lifetime"
1749932501615.9583,"Mama Rechel","Monthly for our electricity (Lifetime)",2000,"2025-07-15","2029-01-15",false,null,"lifetime"
1749932501615.1172,"Mama Rechel","Monthly for our electricity (Lifetime)",2000,"2025-07-15","2029-02-15",false,null,"lifetime"
1749932501615.9326,"Mama Rechel","Monthly for our electricity (Lifetime)",2000,"2025-07-15","2029-03-15",false,null,"lifetime"
1749932501615.0842,"Mama Rechel","Monthly for our electricity (Lifetime)",2000,"2025-07-15","2029-04-15",false,null,"lifetime"
1749932501615.5493,"Mama Rechel","Monthly for our electricity (Lifetime)",2000,"2025-07-15","2029-05-15",false,null,"lifetime"
1749932501615.5378,"Mama Rechel","Monthly for our electricity (Lifetime)",2000,"2025-07-15","2029-06-15",false,null,"lifetime"
1749932501615.7026,"Mama Rechel","Monthly for our electricity (Lifetime)",2000,"2025-07-15","2029-07-15",false,null,"lifetime"
1749932501615.5806,"Mama Rechel","Monthly for our electricity (Lifetime)",2000,"2025-07-15","2029-08-15",false,null,"lifetime"
1749932501615.836,"Mama Rechel","Monthly for our electricity (Lifetime)",2000,"2025-07-15","2029-09-15",false,null,"lifetime"
1749932501615.1692,"Mama Rechel","Monthly for our electricity (Lifetime)",2000,"2025-07-15","2029-10-15",false,null,"lifetime"
1749932501615.733,"Mama Rechel","Monthly for our electricity (Lifetime)",2000,"2025-07-15","2029-11-15",false,null,"lifetime"
1749932501615.52,"Mama Rechel","Monthly for our electricity (Lifetime)",2000,"2025-07-15","2029-12-15",false,null,"lifetime"
1749932501615.8306,"Mama Rechel","Monthly for our electricity (Lifetime)",2000,"2025-07-15","2030-01-15",false,null,"lifetime"
1749932501615.3262,"Mama Rechel","Monthly for our electricity (Lifetime)",2000,"2025-07-15","2030-02-15",false,null,"lifetime"
1749932501615.3398,"Mama Rechel","Monthly for our electricity (Lifetime)",2000,"2025-07-15","2030-03-15",false,null,"lifetime"
1749932501615.786,"Mama Rechel","Monthly for our electricity (Lifetime)",2000,"2025-07-15","2030-04-15",false,null,"lifetime"
1749932501615.852,"Mama Rechel","Monthly for our electricity (Lifetime)",2000,"2025-07-15","2030-05-15",false,null,"lifetime"
1749932501615.5615,"Mama Rechel","Monthly for our electricity (Lifetime)",2000,"2025-07-15","2030-06-15",false,null,"lifetime"
1749932567199.813,"Other","Para ayuhon ang atop",3000,"2025-06-08","2025-06-08",true,"2025-06-14T20:22:51.975Z","one-time"
1749932616887.0508,"Other","Groceries ni Lola (Lifetime)",1000,"2025-07-01","2025-07-01",false,null,"lifetime"
1749932616887.3833,"Other","Groceries ni Lola (Lifetime)",1000,"2025-07-01","2025-08-01",false,null,"lifetime"
1749932616887.138,"Other","Groceries ni Lola (Lifetime)",1000,"2025-07-01","2025-09-01",false,null,"lifetime"
1749932616887.273,"Other","Groceries ni Lola (Lifetime)",1000,"2025-07-01","2025-10-01",false,null,"lifetime"
1749932616887.5554,"Other","Groceries ni Lola (Lifetime)",1000,"2025-07-01","2025-11-01",false,null,"lifetime"
1749932616887.934,"Other","Groceries ni Lola (Lifetime)",1000,"2025-07-01","2025-12-01",false,null,"lifetime"
1749932616887.7698,"Other","Groceries ni Lola (Lifetime)",1000,"2025-07-01","2026-01-01",false,null,"lifetime"
1749932616887.4841,"Other","Groceries ni Lola (Lifetime)",1000,"2025-07-01","2026-02-01",false,null,"lifetime"
1749932616887.4746,"Other","Groceries ni Lola (Lifetime)",1000,"2025-07-01","2026-03-01",false,null,"lifetime"
1749932616887.2163,"Other","Groceries ni Lola (Lifetime)",1000,"2025-07-01","2026-04-01",false,null,"lifetime"
1749932616887.7957,"Other","Groceries ni Lola (Lifetime)",1000,"2025-07-01","2026-05-01",false,null,"lifetime"
1749932616887.6418,"Other","Groceries ni Lola (Lifetime)",1000,"2025-07-01","2026-06-01",false,null,"lifetime"
1749932616887.4321,"Other","Groceries ni Lola (Lifetime)",1000,"2025-07-01","2026-07-01",false,null,"lifetime"
1749932616887.8147,"Other","Groceries ni Lola (Lifetime)",1000,"2025-07-01","2026-08-01",false,null,"lifetime"
1749932616887.097,"Other","Groceries ni Lola (Lifetime)",1000,"2025-07-01","2026-09-01",false,null,"lifetime"
1749932616887.5796,"Other","Groceries ni Lola (Lifetime)",1000,"2025-07-01","2026-10-01",false,null,"lifetime"
1749932616887.7788,"Other","Groceries ni Lola (Lifetime)",1000,"2025-07-01","2026-11-01",false,null,"lifetime"
1749932616887.1172,"Other","Groceries ni Lola (Lifetime)",1000,"2025-07-01","2026-12-01",false,null,"lifetime"
1749932616887.2676,"Other","Groceries ni Lola (Lifetime)",1000,"2025-07-01","2027-01-01",false,null,"lifetime"
1749932616887.3555,"Other","Groceries ni Lola (Lifetime)",1000,"2025-07-01","2027-02-01",false,null,"lifetime"
1749932616887.206,"Other","Groceries ni Lola (Lifetime)",1000,"2025-07-01","2027-03-01",false,null,"lifetime"
1749932616887.2366,"Other","Groceries ni Lola (Lifetime)",1000,"2025-07-01","2027-04-01",false,null,"lifetime"
1749932616887.3584,"Other","Groceries ni Lola (Lifetime)",1000,"2025-07-01","2027-05-01",false,null,"lifetime"
1749932616887.2192,"Other","Groceries ni Lola (Lifetime)",1000,"2025-07-01","2027-06-01",false,null,"lifetime"
1749932616887.416,"Other","Groceries ni Lola (Lifetime)",1000,"2025-07-01","2027-07-01",false,null,"lifetime"
1749932616887.2693,"Other","Groceries ni Lola (Lifetime)",1000,"2025-07-01","2027-08-01",false,null,"lifetime"
1749932616887.4417,"Other","Groceries ni Lola (Lifetime)",1000,"2025-07-01","2027-09-01",false,null,"lifetime"
1749932616887.657,"Other","Groceries ni Lola (Lifetime)",1000,"2025-07-01","2027-10-01",false,null,"lifetime"
1749932616887.6255,"Other","Groceries ni Lola (Lifetime)",1000,"2025-07-01","2027-11-01",false,null,"lifetime"
1749932616887.6453,"Other","Groceries ni Lola (Lifetime)",1000,"2025-07-01","2027-12-01",false,null,"lifetime"
1749932616887.9612,"Other","Groceries ni Lola (Lifetime)",1000,"2025-07-01","2028-01-01",false,null,"lifetime"
1749932616887.512,"Other","Groceries ni Lola (Lifetime)",1000,"2025-07-01","2028-02-01",false,null,"lifetime"
1749932616887.644,"Other","Groceries ni Lola (Lifetime)",1000,"2025-07-01","2028-03-01",false,null,"lifetime"
1749932616887.7815,"Other","Groceries ni Lola (Lifetime)",1000,"2025-07-01","2028-04-01",false,null,"lifetime"
1749932616887.8594,"Other","Groceries ni Lola (Lifetime)",1000,"2025-07-01","2028-05-01",false,null,"lifetime"
1749932616887.389,"Other","Groceries ni Lola (Lifetime)",1000,"2025-07-01","2028-06-01",false,null,"lifetime"
1749932616887.3943,"Other","Groceries ni Lola (Lifetime)",1000,"2025-07-01","2028-07-01",false,null,"lifetime"
1749932616887.9612,"Other","Groceries ni Lola (Lifetime)",1000,"2025-07-01","2028-08-01",false,null,"lifetime"
1749932616887.5159,"Other","Groceries ni Lola (Lifetime)",1000,"2025-07-01","2028-09-01",false,null,"lifetime"
1749932616887.4421,"Other","Groceries ni Lola (Lifetime)",1000,"2025-07-01","2028-10-01",false,null,"lifetime"
1749932616887.5452,"Other","Groceries ni Lola (Lifetime)",1000,"2025-07-01","2028-11-01",false,null,"lifetime"
1749932616887.7039,"Other","Groceries ni Lola (Lifetime)",1000,"2025-07-01","2028-12-01",false,null,"lifetime"
1749932616887.3743,"Other","Groceries ni Lola (Lifetime)",1000,"2025-07-01","2029-01-01",false,null,"lifetime"
1749932616887.5098,"Other","Groceries ni Lola (Lifetime)",1000,"2025-07-01","2029-02-01",false,null,"lifetime"
1749932616887.0728,"Other","Groceries ni Lola (Lifetime)",1000,"2025-07-01","2029-03-01",false,null,"lifetime"
1749932616887.178,"Other","Groceries ni Lola (Lifetime)",1000,"2025-07-01","2029-04-01",false,null,"lifetime"
1749932616887.683,"Other","Groceries ni Lola (Lifetime)",1000,"2025-07-01","2029-05-01",false,null,"lifetime"
1749932616887.0474,"Other","Groceries ni Lola (Lifetime)",1000,"2025-07-01","2029-06-01",false,null,"lifetime"
1749932616887.5273,"Other","Groceries ni Lola (Lifetime)",1000,"2025-07-01","2029-07-01",false,null,"lifetime"
1749932616887.3354,"Other","Groceries ni Lola (Lifetime)",1000,"2025-07-01","2029-08-01",false,null,"lifetime"
1749932616887.4417,"Other","Groceries ni Lola (Lifetime)",1000,"2025-07-01","2029-09-01",false,null,"lifetime"
1749932616887.2017,"Other","Groceries ni Lola (Lifetime)",1000,"2025-07-01","2029-10-01",false,null,"lifetime"
1749932616887.932,"Other","Groceries ni Lola (Lifetime)",1000,"2025-07-01","2029-11-01",false,null,"lifetime"
1749932616887.713,"Other","Groceries ni Lola (Lifetime)",1000,"2025-07-01","2029-12-01",false,null,"lifetime"
1749932616887.9116,"Other","Groceries ni Lola (Lifetime)",1000,"2025-07-01","2030-01-01",false,null,"lifetime"
1749932616887.8696,"Other","Groceries ni Lola (Lifetime)",1000,"2025-07-01","2030-02-01",false,null,"lifetime"
1749932616887.7285,"Other","Groceries ni Lola (Lifetime)",1000,"2025-07-01","2030-03-01",false,null,"lifetime"
1749932616887.7324,"Other","Groceries ni Lola (Lifetime)",1000,"2025-07-01","2030-04-01",false,null,"lifetime"
1749932616887.7925,"Other","Groceries ni Lola (Lifetime)",1000,"2025-07-01","2030-05-01",false,null,"lifetime"
1749932616887.5808,"Other","Groceries ni Lola (Lifetime)",1000,"2025-07-01","2030-06-01",false,null,"lifetime"
1749932655351.414,"Other","Groceries ni Lola",1100,"2025-06-15","2025-06-15",true,"2025-06-14T20:24:15.351Z","one-time"
1749932836302.8108,"Other","Faboulosa, shoes, haircut, liston, earings, and fare",2500,"2025-06-14","2025-06-14",true,"2025-06-14T20:27:17.838Z","one-time"